{
  "Total" : {
    "transaction" : "Total",
    "sampleCount" : 2000,
    "errorCount" : 0,
    "errorPct" : 0.0,
    "meanResTime" : 61.96150000000004,
    "medianResTime" : 17.0,
    "minResTime" : 6.0,
    "maxResTime" : 3161.0,
    "pct1ResTime" : 61.0,
    "pct2ResTime" : 259.9499999999998,
    "pct3ResTime" : 1208.6700000000003,
    "throughput" : 160.3720631865929,
    "receivedKBytesPerSec" : 302.7335919332852,
    "sentKBytesPerSec" : 19.263441183545826
  },
  "Get Users" : {
    "transaction" : "Get Users",
    "sampleCount" : 2000,
    "errorCount" : 0,
    "errorPct" : 0.0,
    "meanResTime" : 61.96150000000004,
    "medianResTime" : 17.0,
    "minResTime" : 6.0,
    "maxResTime" : 3161.0,
    "pct1ResTime" : 61.0,
    "pct2ResTime" : 259.9499999999998,
    "pct3ResTime" : 1208.6700000000003,
    "throughput" : 160.3720631865929,
    "receivedKBytesPerSec" : 302.7335919332852,
    "sentKBytesPerSec" : 19.263441183545826
  }
}