{
  "Total" : {
    "transaction" : "Total",
    "sampleCount" : 500,
    "errorCount" : 0,
    "errorPct" : 0.0,
    "meanResTime" : 23.74999999999999,
    "medianResTime" : 10.0,
    "minResTime" : 7.0,
    "maxResTime" : 1072.0,
    "pct1ResTime" : 31.0,
    "pct2ResTime" : 41.0,
    "pct3ResTime" : 455.97000000000185,
    "throughput" : 51.4668039114771,
    "receivedKBytesPerSec" : 97.15364449305198,
    "sentKBytesPerSec" : 6.182047735460628
  },
  "Get Users" : {
    "transaction" : "Get Users",
    "sampleCount" : 500,
    "errorCount" : 0,
    "errorPct" : 0.0,
    "meanResTime" : 23.74999999999999,
    "medianResTime" : 10.0,
    "minResTime" : 7.0,
    "maxResTime" : 1072.0,
    "pct1ResTime" : 31.0,
    "pct2ResTime" : 41.0,
    "pct3ResTime" : 455.97000000000185,
    "throughput" : 51.4668039114771,
    "receivedKBytesPerSec" : 97.15364449305198,
    "sentKBytesPerSec" : 6.182047735460628
  }
}